Zeit_s;Druck_mBar;V_Durchlass;V_Einlass;Dauer bis Druckstabilitaet_s;response
0,000;959,11000;10,0;0.0;;0, 9,5911E+02,2, 1,3652E+00,5, 1,0000E+03
1,001;959,11000;10,0;0.0;;0, 9,5911E+02,2, 1,3652E+00,5, 1,0000E+03
2,001;959,12000;10,0;0.0;;0, 9,5912E+02,2, 1,3652E+00,5, 1,0000E+03
3,003;958,96000;10,0;0.0;;0, 9,5896E+02,2, 1,3652E+00,5, 1,0000E+03
4,005;944,85000;10,0;0.0;;0, 9,4485E+02,2, 1,3652E+00,5, 1,0000E+03
5,009;707,87000;10,0;0.0;;0, 7,0787E+02,2, 1,3652E+00,5, 1,0000E+03
6,009;594,49000;10,0;0.0;;0, 5,9449E+02,2, 1,3652E+00,5, 1,0000E+03
7,010;518,39000;10,0;0.0;;0, 5,1839E+02,2, 1,3652E+00,5, 1,0000E+03
8,019;461,22000;10,0;0.0;;0, 4,6122E+02,2, 1,3652E+00,5, 1,0000E+03
9,029;417,31000;10,0;0.0;;0, 4,1731E+02,2, 1,3652E+00,5, 1,0000E+03
10,039;383,72000;5,50;6,94;;0, 3,8372E+02,2, 1,3652E+00,5, 1,0000E+03
11,042;357,53000;5,85;6,94;;0, 3,5753E+02,2, 1,3652E+00,5, 1,0000E+03
12,044;336,95000;6,12;6,95;;0, 3,3695E+02,2, 1,3652E+00,5, 1,0000E+03
13,050;320,81000;6,34;6,95;;0, 3,2081E+02,2, 1,3652E+00,5, 1,0000E+03
14,060;308,57000;6,50;6,95;;0, 3,0857E+02,2, 1,3652E+00,5, 1,0000E+03
15,069;299,06000;6,62;6,96;;0, 2,9906E+02,2, 1,3652E+00,5, 1,0000E+03
16,074;291,59000;6,72;6,96;;0, 2,9159E+02,2, 1,3652E+00,5, 1,0000E+03
17,078;286,23000;6,79;6,96;;0, 2,8623E+02,2, 1,3652E+00,5, 1,0000E+03
18,088;282,06000;6,85;6,96;;0, 2,8206E+02,2, 1,3652E+00,5, 1,0000E+03
19,098;278,91000;6,89;6,96;;0, 2,7891E+02,2, 1,3652E+00,5, 1,0000E+03
20,102;276,40000;6,92;6,96;;0, 2,7640E+02,2, 1,3652E+00,5, 1,0000E+03
21,106;274,80000;6,94;6,96;;0, 2,7480E+02,2, 1,3652E+00,5, 1,0000E+03
22,106;273,32000;6,96;6,96;;0, 2,7332E+02,2, 1,3652E+00,5, 1,0000E+03
23,110;271,90000;6,98;6,96;;0, 2,7190E+02,2, 1,3652E+00,5, 1,0000E+03
24,110;270,72000;7,00;6,96;;0, 2,7072E+02,2, 1,3652E+00,5, 1,0000E+03
25,113;269,71000;7,01;6,96;;0, 2,6971E+02,2, 1,3652E+00,5, 1,0000E+03
26,118;268,94000;7,02;6,96;;0, 2,6894E+02,2, 1,3652E+00,5, 1,0000E+03
27,125;268,31000;7,03;6,96;;0, 2,6831E+02,2, 1,3652E+00,5, 1,0000E+03
28,131;267,82000;7,04;6,96;;0, 2,6782E+02,2, 1,3652E+00,5, 1,0000E+03
29,137;267,42000;7,04;6,96;;0, 2,6742E+02,2, 1,3652E+00,5, 1,0000E+03
30,142;267,08000;7,05;6,96;;0, 2,6708E+02,2, 1,3652E+00,5, 1,0000E+03
31,152;266,81000;7,05;6,96;;0, 2,6681E+02,2, 1,3652E+00,5, 1,0000E+03
32,154;266,59000;7,05;6,96;;0, 2,6659E+02,2, 1,3652E+00,5, 1,0000E+03
33,160;266,44000;7,06;6,96;;0, 2,6644E+02,2, 1,3652E+00,5, 1,0000E+03
34,165;266,60000;7,05;6,96;;0, 2,6660E+02,2, 1,3652E+00,5, 1,0000E+03
35,175;266,87000;7,05;6,96;;0, 2,6687E+02,2, 1,3652E+00,5, 1,0000E+03
36,178;267,14000;7,05;6,96;;0, 2,6714E+02,2, 1,3652E+00,5, 1,0000E+03
37,179;267,37000;7,04;6,96;;0, 2,6737E+02,2, 1,3652E+00,5, 1,0000E+03
38,182;267,52000;7,04;6,96;;0, 2,6752E+02,2, 1,3652E+00,5, 1,0000E+03
39,184;267,64000;7,04;6,96;;0, 2,6764E+02,2, 1,3652E+00,5, 1,0000E+03
40,186;267,68000;7,04;6,96;;0, 2,6768E+02,2, 1,3652E+00,5, 1,0000E+03
41,187;267,69000;7,04;6,96;;0, 2,6769E+02,2, 1,3652E+00,5, 1,0000E+03
42,192;267,73000;7,04;6,96;;0, 2,6773E+02,2, 1,3652E+00,5, 1,0000E+03
43,202;267,73000;7,04;6,96;;0, 2,6773E+02,2, 1,3652E+00,5, 1,0000E+03
44,209;267,73000;7,04;6,96;;0, 2,6773E+02,2, 1,3652E+00,5, 1,0000E+03
45,216;267,73000;7,04;6,96;;0, 2,6773E+02,2, 1,3652E+00,5, 1,0000E+03
46,222;267,73000;7,04;6,96;;0, 2,6773E+02,2, 1,3652E+00,5, 1,0000E+03
47,229;267,70000;7,04;6,96;;0, 2,6770E+02,2, 1,3652E+00,5, 1,0000E+03
48,232;267,69000;7,04;6,96;;0, 2,6769E+02,2, 1,3652E+00,5, 1,0000E+03
49,232;267,69000;7,04;6,96;;0, 2,6769E+02,2, 1,3652E+00,5, 1,0000E+03
50,234;267,68000;7,04;6,96;;0, 2,6768E+02,2, 1,3652E+00,5, 1,0000E+03
51,241;267,69000;7,04;6,96;;0, 2,6769E+02,2, 1,3652E+00,5, 1,0000E+03
52,241;267,69000;7,04;6,96;;0, 2,6769E+02,2, 1,3652E+00,5, 1,0000E+03
53,242;267,69000;7,04;6,96;;0, 2,6769E+02,2, 1,3652E+00,5, 1,0000E+03
54,246;267,65000;7,04;6,96;;0, 2,6765E+02,2, 1,3652E+00,5, 1,0000E+03
55,255;267,65000;7,04;6,96;;0, 2,6765E+02,2, 1,3652E+00,5, 1,0000E+03
56,255;267,62000;7,04;6,96;;0, 2,6762E+02,2, 1,3652E+00,5, 1,0000E+03
57,262;267,61000;7,04;6,96;;0, 2,6761E+02,2, 1,3652E+00,5, 1,0000E+03
58,266;267,60000;7,04;6,96;;0, 2,6760E+02,2, 1,3652E+00,5, 1,0000E+03
59,273;267,57000;7,04;6,96;;0, 2,6757E+02,2, 1,3652E+00,5, 1,0000E+03
60,280;267,56000;7,04;6,96;;0, 2,6756E+02,2, 1,3652E+00,5, 1,0000E+03
61,285;267,54000;7,04;6,96;;0, 2,6754E+02,2, 1,3652E+00,5, 1,0000E+03
62,286;267,52000;7,04;6,96;;0, 2,6752E+02,2, 1,3652E+00,5, 1,0000E+03
63,295;267,52000;7,04;6,96;;0, 2,6752E+02,2, 1,3652E+00,5, 1,0000E+03
64,301;267,48000;7,04;6,96;;0, 2,6748E+02,2, 1,3652E+00,5, 1,0000E+03
65,309;267,48000;7,04;6,96;;0, 2,6748E+02,2, 1,3652E+00,5, 1,0000E+03
66,313;267,45000;7,04;6,96;;0, 2,6745E+02,2, 1,3652E+00,5, 1,0000E+03
67,314;267,43000;7,04;6,96;;0, 2,6743E+02,2, 1,3652E+00,5, 1,0000E+03
68,320;267,39000;7,04;6,96;;0, 2,6739E+02,2, 1,3652E+00,5, 1,0000E+03
69,324;267,39000;7,04;6,96;;0, 2,6739E+02,2, 1,3652E+00,5, 1,0000E+03
70,332;267,39000;7,04;6,96;;0, 2,6739E+02,2, 1,3652E+00,5, 1,0000E+03
71,338;267,38000;7,04;6,96;;0, 2,6738E+02,2, 1,3652E+00,5, 1,0000E+03
72,348;267,35000;7,04;6,96;;0, 2,6735E+02,2, 1,3652E+00,5, 1,0000E+03
73,349;267,35000;7,04;6,96;;0, 2,6735E+02,2, 1,3652E+00,5, 1,0000E+03
74,358;267,31000;7,04;6,96;;0, 2,6731E+02,2, 1,3652E+00,5, 1,0000E+03
75,359;267,30000;7,04;6,96;;0, 2,6730E+02,2, 1,3652E+00,5, 1,0000E+03
76,362;267,30000;7,04;6,96;;0, 2,6730E+02,2, 1,3652E+00,5, 1,0000E+03
77,365;267,27000;7,04;6,96;;0, 2,6727E+02,2, 1,3652E+00,5, 1,0000E+03
78,372;267,28000;7,04;6,96;;0, 2,6728E+02,2, 1,3652E+00,5, 1,0000E+03
79,378;267,30000;7,04;6,96;;0, 2,6730E+02,2, 1,3652E+00,5, 1,0000E+03
80,387;267,29000;7,04;6,96;;0, 2,6729E+02,2, 1,3652E+00,5, 1,0000E+03
81,390;267,30000;7,04;6,96;;0, 2,6730E+02,2, 1,3652E+00,5, 1,0000E+03
82,394;267,29000;7,04;6,96;;0, 2,6729E+02,2, 1,3652E+00,5, 1,0000E+03
83,399;267,26000;7,04;6,96;;0, 2,6726E+02,2, 1,3652E+00,5, 1,0000E+03
84,400;267,26000;7,04;6,96;;0, 2,6726E+02,2, 1,3652E+00,5, 1,0000E+03
85,400;267,26000;7,04;6,96;;0, 2,6726E+02,2, 1,3652E+00,5, 1,0000E+03
86,408;267,26000;7,04;6,96;;0, 2,6726E+02,2, 1,3652E+00,5, 1,0000E+03
87,416;267,26000;7,04;6,96;;0, 2,6726E+02,2, 1,3652E+00,5, 1,0000E+03
88,419;267,26000;7,04;6,96;;0, 2,6726E+02,2, 1,3652E+00,5, 1,0000E+03
89,420;267,26000;7,04;6,96;;0, 2,6726E+02,2, 1,3652E+00,5, 1,0000E+03
90,420;267,30000;7,04;6,96;;0, 2,6730E+02,2, 1,3652E+00,5, 1,0000E+03
91,422;267,28000;7,04;6,96;;0, 2,6728E+02,2, 1,3652E+00,5, 1,0000E+03
92,431;267,26000;7,04;6,96;;0, 2,6726E+02,2, 1,3652E+00,5, 1,0000E+03
93,436;267,26000;7,04;6,96;;0, 2,6726E+02,2, 1,3652E+00,5, 1,0000E+03
94,446;267,22000;7,05;6,96;;0, 2,6722E+02,2, 1,3652E+00,5, 1,0000E+03
95,446;267,22000;7,05;6,96;;0, 2,6722E+02,2, 1,3652E+00,5, 1,0000E+03
96,447;267,20000;7,05;6,96;;0, 2,6720E+02,2, 1,3652E+00,5, 1,0000E+03
97,449;267,18000;7,05;6,96;;0, 2,6718E+02,2, 1,3652E+00,5, 1,0000E+03
98,450;267,15000;7,05;6,96;;0, 2,6715E+02,2, 1,3652E+00,5, 1,0000E+03
99,453;267,16000;7,05;6,96;;0, 2,6716E+02,2, 1,3652E+00,5, 1,0000E+03
100,461;267,17000;7,05;6,96;;0, 2,6717E+02,2, 1,3652E+00,5, 1,0000E+03
101,469;267,18000;7,05;6,96;;0, 2,6718E+02,2, 1,3652E+00,5, 1,0000E+03
102,476;267,17000;7,05;6,96;;0, 2,6717E+02,2, 1,3652E+00,5, 1,0000E+03
103,480;267,17000;7,05;6,96;;0, 2,6717E+02,2, 1,3652E+00,5, 1,0000E+03
104,484;267,18000;7,05;6,96;;0, 2,6718E+02,2, 1,3652E+00,5, 1,0000E+03
105,488;267,17000;7,05;6,96;;0, 2,6717E+02,2, 1,3652E+00,5, 1,0000E+03
106,491;267,18000;7,05;6,96;;0, 2,6718E+02,2, 1,3652E+00,5, 1,0000E+03
107,492;267,17000;7,05;6,96;;0, 2,6717E+02,2, 1,3652E+00,5, 1,0000E+03
108,496;267,18000;7,05;6,96;;0, 2,6718E+02,2, 1,3652E+00,5, 1,0000E+03
109,497;267,18000;7,05;6,96;;0, 2,6718E+02,2, 1,3652E+00,5, 1,0000E+03
110,497;267,19000;7,05;6,96;;0, 2,6719E+02,2, 1,3652E+00,5, 1,0000E+03
111,498;267,22000;7,05;6,96;;0, 2,6722E+02,2, 1,3652E+00,5, 1,0000E+03
112,501;267,22000;7,05;6,96;;0, 2,6722E+02,2, 1,3652E+00,5, 1,0000E+03
113,511;267,17000;7,05;6,96;;0, 2,6717E+02,2, 1,3652E+00,5, 1,0000E+03
114,520;267,17000;7,05;6,96;;0, 2,6717E+02,2, 1,3652E+00,5, 1,0000E+03
115,522;267,14000;7,05;6,96;;0, 2,6714E+02,2, 1,3652E+00,5, 1,0000E+03
116,524;267,13000;7,05;6,96;;0, 2,6713E+02,2, 1,3652E+00,5, 1,0000E+03
117,527;267,12000;7,05;6,96;;0, 2,6712E+02,2, 1,3652E+00,5, 1,0000E+03
118,530;267,10000;7,05;6,96;;0, 2,6710E+02,2, 1,3652E+00,5, 1,0000E+03
119,538;267,09000;7,05;6,96;;0, 2,6709E+02,2, 1,3652E+00,5, 1,0000E+03
120,546;267,09000;7,05;6,96;;0, 2,6709E+02,2, 1,3652E+00,5, 1,0000E+03
121,547;267,07000;7,05;6,96;;0, 2,6707E+02,2, 1,3652E+00,5, 1,0000E+03
122,556;267,05000;7,05;6,96;;0, 2,6705E+02,2, 1,3652E+00,5, 1,0000E+03
123,559;267,05000;7,05;6,96;;0, 2,6705E+02,2, 1,3652E+00,5, 1,0000E+03
124,560;267,05000;7,05;6,96;;0, 2,6705E+02,2, 1,3652E+00,5, 1,0000E+03
125,561;267,04000;7,05;6,96;;0, 2,6704E+02,2, 1,3652E+00,5, 1,0000E+03
126,568;267,04000;7,05;6,96;;0, 2,6704E+02,2, 1,3652E+00,5, 1,0000E+03
127,568;267,05000;7,05;6,96;;0, 2,6705E+02,2, 1,3652E+00,5, 1,0000E+03
128,568;267,04000;7,05;6,96;;0, 2,6704E+02,2, 1,3652E+00,5, 1,0000E+03
129,569;267,05000;7,05;6,96;;0, 2,6705E+02,2, 1,3652E+00,5, 1,0000E+03
130,578;267,05000;7,05;6,96;;0, 2,6705E+02,2, 1,3652E+00,5, 1,0000E+03
131,583;267,05000;7,05;6,96;;0, 2,6705E+02,2, 1,3652E+00,5, 1,0000E+03
132,591;267,04000;7,05;6,96;;0, 2,6704E+02,2, 1,3652E+00,5, 1,0000E+03
133,600;267,05000;7,05;6,96;;0, 2,6705E+02,2, 1,3652E+00,5, 1,0000E+03
134,605;267,05000;7,05;6,96;;0, 2,6705E+02,2, 1,3652E+00,5, 1,0000E+03
135,606;267,05000;7,05;6,96;;0, 2,6705E+02,2, 1,3652E+00,5, 1,0000E+03
136,606;267,06000;7,05;6,96;;0, 2,6706E+02,2, 1,3652E+00,5, 1,0000E+03
137,611;267,07000;7,05;6,96;;0, 2,6707E+02,2, 1,3652E+00,5, 1,0000E+03
138,614;267,08000;7,05;6,96;;0, 2,6708E+02,2, 1,3652E+00,5, 1,0000E+03
139,620;267,09000;7,05;6,96;;0, 2,6709E+02,2, 1,3652E+00,5, 1,0000E+03
140,628;267,06000;7,05;6,96;;0, 2,6706E+02,2, 1,3652E+00,5, 1,0000E+03
141,638;267,05000;7,05;6,96;;0, 2,6705E+02,2, 1,3652E+00,5, 1,0000E+03
142,638;267,07000;7,05;6,96;;0, 2,6707E+02,2, 1,3652E+00,5, 1,0000E+03
143,641;267,09000;7,05;6,96;;0, 2,6709E+02,2, 1,3652E+00,5, 1,0000E+03
144,647;267,09000;7,05;6,96;;0, 2,6709E+02,2, 1,3652E+00,5, 1,0000E+03
145,649;267,10000;7,05;6,96;;0, 2,6710E+02,2, 1,3652E+00,5, 1,0000E+03
146,650;267,09000;7,05;6,96;;0, 2,6709E+02,2, 1,3652E+00,5, 1,0000E+03
147,652;267,09000;7,05;6,96;;0, 2,6709E+02,2, 1,3652E+00,5, 1,0000E+03
148,652;267,09000;7,05;6,96;;0, 2,6709E+02,2, 1,3652E+00,5, 1,0000E+03
149,656;267,08000;7,05;6,96;;0, 2,6708E+02,2, 1,3652E+00,5, 1,0000E+03
150,656;267,05000;7,05;6,96;;0, 2,6705E+02,2, 1,3652E+00,5, 1,0000E+03
151,660;267,05000;7,05;6,96;;0, 2,6705E+02,2, 1,3652E+00,5, 1,0000E+03
152,664;267,05000;7,05;6,96;;0, 2,6705E+02,2, 1,3652E+00,5, 1,0000E+03
153,669;267,04000;7,05;6,96;;0, 2,6704E+02,2, 1,3652E+00,5, 1,0000E+03
154,670;267,05000;7,05;6,96;;0, 2,6705E+02,2, 1,3652E+00,5, 1,0000E+03
155,674;267,05000;7,05;6,96;;0, 2,6705E+02,2, 1,3652E+00,5, 1,0000E+03
156,681;267,04000;7,05;6,96;;0, 2,6704E+02,2, 1,3652E+00,5, 1,0000E+03
157,686;267,09000;7,05;6,96;;0, 2,6709E+02,2, 1,3652E+00,5, 1,0000E+03
158,687;267,09000;7,05;6,96;;0, 2,6709E+02,2, 1,3652E+00,5, 1,0000E+03
159,696;267,09000;7,05;6,96;;0, 2,6709E+02,2, 1,3652E+00,5, 1,0000E+03
160,707;267,09000;7,05;6,96;;0, 2,6709E+02,2, 1,3652E+00,5, 1,0000E+03
161,714;267,08000;7,05;6,96;;0, 2,6708E+02,2, 1,3652E+00,5, 1,0000E+03
162,719;267,09000;7,05;6,96;;0, 2,6709E+02,2, 1,3652E+00,5, 1,0000E+03
163,724;267,09000;7,05;6,96;;0, 2,6709E+02,2, 1,3652E+00,5, 1,0000E+03
164,728;267,09000;7,05;6,96;;0, 2,6709E+02,2, 1,3652E+00,5, 1,0000E+03
165,733;267,09000;7,05;6,96;;0, 2,6709E+02,2, 1,3652E+00,5, 1,0000E+03
166,737;267,09000;7,05;6,96;;0, 2,6709E+02,2, 1,3652E+00,5, 1,0000E+03
167,740;267,08000;7,05;6,96;;0, 2,6708E+02,2, 1,3652E+00,5, 1,0000E+03
168,748;267,13000;7,05;6,96;;0, 2,6713E+02,2, 1,3652E+00,5, 1,0000E+03
169,757;267,13000;7,05;6,96;;0, 2,6713E+02,2, 1,3652E+00,5, 1,0000E+03
170,759;267,13000;7,05;6,96;;0, 2,6713E+02,2, 1,3652E+00,5, 1,0000E+03
171,761;267,13000;7,05;6,96;;0, 2,6713E+02,2, 1,3652E+00,5, 1,0000E+03
172,769;267,13000;7,05;6,96;;0, 2,6713E+02,2, 1,3652E+00,5, 1,0000E+03
173,774;267,13000;7,05;6,96;;0, 2,6713E+02,2, 1,3652E+00,5, 1,0000E+03
174,775;267,13000;7,05;6,96;;0, 2,6713E+02,2, 1,3652E+00,5, 1,0000E+03
175,776;267,12000;7,05;6,96;;0, 2,6712E+02,2, 1,3652E+00,5, 1,0000E+03
176,785;267,13000;7,05;6,96;;0, 2,6713E+02,2, 1,3652E+00,5, 1,0000E+03
177,789;267,14000;7,05;6,96;;0, 2,6714E+02,2, 1,3652E+00,5, 1,0000E+03
178,790;267,13000;7,05;6,96;;0, 2,6713E+02,2, 1,3652E+00,5, 1,0000E+03
179,799;267,14000;7,05;6,96;;0, 2,6714E+02,2, 1,3652E+00,5, 1,0000E+03
180,803;267,13000;7,05;6,96;;0, 2,6713E+02,2, 1,3652E+00,5, 1,0000E+03
181,812;267,13000;7,05;6,96;;0, 2,6713E+02,2, 1,3652E+00,5, 1,0000E+03
182,823;267,17000;7,05;6,96;;0, 2,6717E+02,2, 1,3652E+00,5, 1,0000E+03
183,830;267,18000;7,05;6,96;;0, 2,6718E+02,2, 1,3652E+00,5, 1,0000E+03
184,831;267,20000;7,05;6,96;;0, 2,6720E+02,2, 1,3652E+00,5, 1,0000E+03
185,835;267,21000;7,05;6,96;;0, 2,6721E+02,2, 1,3652E+00,5, 1,0000E+03
186,839;267,26000;7,04;6,96;;0, 2,6726E+02,2, 1,3652E+00,5, 1,0000E+03
187,843;267,29000;7,04;6,96;;0, 2,6729E+02,2, 1,3652E+00,5, 1,0000E+03
188,853;267,30000;7,04;6,96;;0, 2,6730E+02,2, 1,3652E+00,5, 1,0000E+03
189,853;267,31000;7,04;6,96;;0, 2,6731E+02,2, 1,3652E+00,5, 1,0000E+03
190,855;267,30000;7,04;6,96;;0, 2,6730E+02,2, 1,3652E+00,5, 1,0000E+03
191,859;267,34000;7,04;6,96;;0, 2,6734E+02,2, 1,3652E+00,5, 1,0000E+03
192,869;267,35000;7,04;6,96;;0, 2,6735E+02,2, 1,3652E+00,5, 1,0000E+03
193,872;267,35000;7,04;6,96;;0, 2,6735E+02,2, 1,3652E+00,5, 1,0000E+03
194,874;267,35000;7,04;6,96;;0, 2,6735E+02,2, 1,3652E+00,5, 1,0000E+03
195,878;267,34000;7,04;6,96;;0, 2,6734E+02,2, 1,3652E+00,5, 1,0000E+03
196,885;267,35000;7,04;6,96;;0, 2,6735E+02,2, 1,3652E+00,5, 1,0000E+03
197,892;267,35000;7,04;6,96;;0, 2,6735E+02,2, 1,3652E+00,5, 1,0000E+03
198,898;267,32000;7,04;6,96;;0, 2,6732E+02,2, 1,3652E+00,5, 1,0000E+03
199,907;267,30000;7,04;6,96;;0, 2,6730E+02,2, 1,3652E+00,5, 1,0000E+03
200,916;267,31000;7,04;6,96;;0, 2,6731E+02,2, 1,3652E+00,5, 1,0000E+03
201,922;267,27000;7,04;6,96;;0, 2,6727E+02,2, 1,3652E+00,5, 1,0000E+03
202,930;267,29000;7,04;6,96;;0, 2,6729E+02,2, 1,3652E+00,5, 1,0000E+03
203,934;267,27000;7,04;6,96;;0, 2,6727E+02,2, 1,3652E+00,5, 1,0000E+03
204,935;267,27000;7,04;6,96;;0, 2,6727E+02,2, 1,3652E+00,5, 1,0000E+03
205,939;267,26000;7,04;6,96;;0, 2,6726E+02,2, 1,3652E+00,5, 1,0000E+03
206,949;267,26000;7,04;6,96;;0, 2,6726E+02,2, 1,3652E+00,5, 1,0000E+03
207,958;267,26000;7,04;6,96;;0, 2,6726E+02,2, 1,3652E+00,5, 1,0000E+03
208,968;267,26000;7,04;6,96;;0, 2,6726E+02,2, 1,3652E+00,5, 1,0000E+03
209,968;267,26000;7,04;6,96;;0, 2,6726E+02,2, 1,3652E+00,5, 1,0000E+03
210,970;267,26000;7,04;6,96;;0, 2,6726E+02,2, 1,3652E+00,5, 1,0000E+03
211,975;267,26000;7,04;6,96;;0, 2,6726E+02,2, 1,3652E+00,5, 1,0000E+03
212,982;267,26000;7,04;6,96;;0, 2,6726E+02,2, 1,3652E+00,5, 1,0000E+03
213,984;267,26000;7,04;6,96;;0, 2,6726E+02,2, 1,3652E+00,5, 1,0000E+03
214,990;267,26000;7,04;6,96;;0, 2,6726E+02,2, 1,3652E+00,5, 1,0000E+03
215,993;267,26000;7,04;6,96;;0, 2,6726E+02,2, 1,3652E+00,5, 1,0000E+03
216,996;267,27000;7,04;6,96;;0, 2,6727E+02,2, 1,3652E+00,5, 1,0000E+03
217,999;267,26000;7,04;6,96;;0, 2,6726E+02,2, 1,3652E+00,5, 1,0000E+03
219,003;267,26000;7,04;6,96;;0, 2,6726E+02,2, 1,3652E+00,5, 1,0000E+03
220,005;267,27000;7,04;6,96;;0, 2,6727E+02,2, 1,3652E+00,5, 1,0000E+03
221,012;267,25000;7,04;6,96;;0, 2,6725E+02,2, 1,3652E+00,5, 1,0000E+03
222,016;267,23000;7,05;6,96;;0, 2,6723E+02,2, 1,3652E+00,5, 1,0000E+03
223,024;267,22000;7,05;6,96;;0, 2,6722E+02,2, 1,3652E+00,5, 1,0000E+03
224,031;267,22000;7,05;6,96;;0, 2,6722E+02,2, 1,3652E+00,5, 1,0000E+03
225,034;267,24000;7,04;6,96;;0, 2,6724E+02,2, 1,3652E+00,5, 1,0000E+03
226,041;267,26000;7,04;6,96;;0, 2,6726E+02,2, 1,3652E+00,5, 1,0000E+03
227,049;267,26000;7,04;6,96;;0, 2,6726E+02,2, 1,3652E+00,5, 1,0000E+03
228,056;267,26000;7,04;6,96;;0, 2,6726E+02,2, 1,3652E+00,5, 1,0000E+03
229,065;267,22000;7,05;6,96;;0, 2,6722E+02,2, 1,3652E+00,5, 1,0000E+03
230,069;267,22000;7,05;6,96;;0, 2,6722E+02,2, 1,3652E+00,5, 1,0000E+03
231,079;267,22000;7,05;6,96;;0, 2,6722E+02,2, 1,3652E+00,5, 1,0000E+03
232,079;267,26000;7,04;6,96;;0, 2,6726E+02,2, 1,3652E+00,5, 1,0000E+03
233,081;267,25000;7,04;6,96;;0, 2,6725E+02,2, 1,3652E+00,5, 1,0000E+03
234,092;267,26000;7,04;6,96;;0, 2,6726E+02,2, 1,3652E+00,5, 1,0000E+03
235,101;267,26000;7,04;6,96;;0, 2,6726E+02,2, 1,3652E+00,5, 1,0000E+03
236,106;267,26000;7,04;6,96;;0, 2,6726E+02,2, 1,3652E+00,5, 1,0000E+03
237,115;267,26000;7,04;6,96;;0, 2,6726E+02,2, 1,3652E+00,5, 1,0000E+03
238,120;267,30000;7,04;6,96;;0, 2,6730E+02,2, 1,3652E+00,5, 1,0000E+03
239,130;267,30000;7,04;6,96;;0, 2,6730E+02,2, 1,3652E+00,5, 1,0000E+03
240,133;267,30000;7,04;6,96;;0, 2,6730E+02,2, 1,3652E+00,5, 1,0000E+03
241,136;267,30000;7,04;6,96;;0, 2,6730E+02,2, 1,3652E+00,5, 1,0000E+03
242,138;267,34000;7,04;6,96;;0, 2,6734E+02,2, 1,3652E+00,5, 1,0000E+03
243,140;267,34000;7,04;6,96;;0, 2,6734E+02,2, 1,3652E+00,5, 1,0000E+03
244,144;267,34000;7,04;6,96;;0, 2,6734E+02,2, 1,3652E+00,5, 1,0000E+03
245,152;267,35000;7,04;6,96;;0, 2,6735E+02,2, 1,3652E+00,5, 1,0000E+03
246,158;267,35000;7,04;6,96;;0, 2,6735E+02,2, 1,3652E+00,5, 1,0000E+03
247,165;267,34000;7,04;6,96;;0, 2,6734E+02,2, 1,3652E+00,5, 1,0000E+03
248,172;267,35000;7,04;6,96;;0, 2,6735E+02,2, 1,3652E+00,5, 1,0000E+03
249,179;267,35000;7,04;6,96;;0, 2,6735E+02,2, 1,3652E+00,5, 1,0000E+03
250,187;267,35000;7,04;6,96;;0, 2,6735E+02,2, 1,3652E+00,5, 1,0000E+03
251,189;267,35000;7,04;6,96;;0, 2,6735E+02,2, 1,3652E+00,5, 1,0000E+03
252,189;267,35000;7,04;6,96;;0, 2,6735E+02,2, 1,3652E+00,5, 1,0000E+03
253,195;267,35000;7,04;6,96;;0, 2,6735E+02,2, 1,3652E+00,5, 1,0000E+03
254,203;267,35000;7,04;6,96;;0, 2,6735E+02,2, 1,3652E+00,5, 1,0000E+03
255,206;267,35000;7,04;6,96;;0, 2,6735E+02,2, 1,3652E+00,5, 1,0000E+03
256,208;267,39000;7,04;6,96;;0, 2,6739E+02,2, 1,3652E+00,5, 1,0000E+03
257,218;267,40000;7,04;6,96;;0, 2,6740E+02,2, 1,3652E+00,5, 1,0000E+03
258,224;267,39000;7,04;6,96;;0, 2,6739E+02,2, 1,3652E+00,5, 1,0000E+03
259,233;267,41000;7,04;6,96;;0, 2,6741E+02,2, 1,3652E+00,5, 1,0000E+03
260,237;267,43000;7,04;6,96;;0, 2,6743E+02,2, 1,3652E+00,5, 1,0000E+03
261,247;267,43000;7,04;6,96;;0, 2,6743E+02,2, 1,3652E+00,5, 1,0000E+03
262,254;267,43000;7,04;6,96;;0, 2,6743E+02,2, 1,3652E+00,5, 1,0000E+03
263,255;267,47000;7,04;6,96;;0, 2,6747E+02,2, 1,3652E+00,5, 1,0000E+03
264,257;267,47000;7,04;6,96;;0, 2,6747E+02,2, 1,3652E+00,5, 1,0000E+03
265,265;267,48000;7,04;6,96;;0, 2,6748E+02,2, 1,3652E+00,5, 1,0000E+03
266,266;267,51000;7,04;6,96;;0, 2,6751E+02,2, 1,3652E+00,5, 1,0000E+03
267,272;267,52000;7,04;6,96;;0, 2,6752E+02,2, 1,3652E+00,5, 1,0000E+03
268,272;267,51000;7,04;6,96;;0, 2,6751E+02,2, 1,3652E+00,5, 1,0000E+03
269,282;267,48000;7,04;6,96;;0, 2,6748E+02,2, 1,3652E+00,5, 1,0000E+03
270,290;267,48000;7,04;6,96;;0, 2,6748E+02,2, 1,3652E+00,5, 1,0000E+03
271,299;267,52000;7,04;6,96;;0, 2,6752E+02,2, 1,3652E+00,5, 1,0000E+03
272,306;267,52000;7,04;6,96;;0, 2,6752E+02,2, 1,3652E+00,5, 1,0000E+03
273,310;267,52000;7,04;6,96;;0, 2,6752E+02,2, 1,3652E+00,5, 1,0000E+03
274,316;267,52000;7,04;6,96;;0, 2,6752E+02,2, 1,3652E+00,5, 1,0000E+03
275,325;267,52000;7,04;6,96;;0, 2,6752E+02,2, 1,3652E+00,5, 1,0000E+03
276,331;267,52000;7,04;6,96;;0, 2,6752E+02,2, 1,3652E+00,5, 1,0000E+03
277,341;267,52000;7,04;6,96;;0, 2,6752E+02,2, 1,3652E+00,5, 1,0000E+03
278,344;267,52000;7,04;6,96;;0, 2,6752E+02,2, 1,3652E+00,5, 1,0000E+03
279,348;267,52000;7,04;6,96;;0, 2,6752E+02,2, 1,3652E+00,5, 1,0000E+03
280,351;267,48000;7,04;6,96;;0, 2,6748E+02,2, 1,3652E+00,5, 1,0000E+03
281,355;267,47000;7,04;6,96;;0, 2,6747E+02,2, 1,3652E+00,5, 1,0000E+03
282,361;267,48000;7,04;6,96;;0, 2,6748E+02,2, 1,3652E+00,5, 1,0000E+03
283,371;267,48000;7,04;6,96;;0, 2,6748E+02,2, 1,3652E+00,5, 1,0000E+03
284,378;267,47000;7,04;6,96;;0, 2,6747E+02,2, 1,3652E+00,5, 1,0000E+03
285,388;267,48000;7,04;6,96;;0, 2,6748E+02,2, 1,3652E+00,5, 1,0000E+03
286,395;267,48000;7,04;6,96;;0, 2,6748E+02,2, 1,3652E+00,5, 1,0000E+03
287,402;267,48000;7,04;6,96;;0, 2,6748E+02,2, 1,3652E+00,5, 1,0000E+03
288,411;267,48000;7,04;6,96;;0, 2,6748E+02,2, 1,3652E+00,5, 1,0000E+03
289,411;267,48000;7,04;6,96;;0, 2,6748E+02,2, 1,3652E+00,5, 1,0000E+03
290,411;267,47000;7,04;6,96;;0, 2,6747E+02,2, 1,3652E+00,5, 1,0000E+03
291,414;267,48000;7,04;6,96;;0, 2,6748E+02,2, 1,3652E+00,5, 1,0000E+03
292,422;267,48000;7,04;6,96;;0, 2,6748E+02,2, 1,3652E+00,5, 1,0000E+03
293,422;267,48000;7,04;6,96;;0, 2,6748E+02,2, 1,3652E+00,5, 1,0000E+03
294,432;267,48000;7,04;6,96;;0, 2,6748E+02,2, 1,3652E+00,5, 1,0000E+03
295,441;267,48000;7,04;6,96;;0, 2,6748E+02,2, 1,3652E+00,5, 1,0000E+03
296,448;267,47000;7,04;6,96;;0, 2,6747E+02,2, 1,3652E+00,5, 1,0000E+03
297,450;267,48000;7,04;6,96;;0, 2,6748E+02,2, 1,3652E+00,5, 1,0000E+03
298,456;267,48000;7,04;6,96;;0, 2,6748E+02,2, 1,3652E+00,5, 1,0000E+03
299,464;267,48000;7,04;6,96;;0, 2,6748E+02,2, 1,3652E+00,5, 1,0000E+03
300,473;267,48000;7,04;6,96;;0, 2,6748E+02,2, 1,3652E+00,5, 1,0000E+03
301,483;267,47000;7,04;6,96;;0, 2,6747E+02,2, 1,3652E+00,5, 1,0000E+03
302,485;267,48000;7,04;6,96;;0, 2,6748E+02,2, 1,3652E+00,5, 1,0000E+03
303,492;267,48000;7,04;6,96;;0, 2,6748E+02,2, 1,3652E+00,5, 1,0000E+03
304,493;267,48000;7,04;6,96;;0, 2,6748E+02,2, 1,3652E+00,5, 1,0000E+03
305,495;267,48000;7,04;6,96;;0, 2,6748E+02,2, 1,3652E+00,5, 1,0000E+03
306,501;267,48000;7,04;6,96;;0, 2,6748E+02,2, 1,3652E+00,5, 1,0000E+03
307,502;267,51000;7,04;6,96;;0, 2,6751E+02,2, 1,3652E+00,5, 1,0000E+03
308,504;267,52000;7,04;6,96;;0, 2,6752E+02,2, 1,3652E+00,5, 1,0000E+03
309,512;267,52000;7,04;6,96;;0, 2,6752E+02,2, 1,3652E+00,5, 1,0000E+03
310,512;267,52000;7,04;6,96;;0, 2,6752E+02,2, 1,3652E+00,5, 1,0000E+03
311,523;267,52000;7,04;6,96;;0, 2,6752E+02,2, 1,3652E+00,5, 1,0000E+03
312,526;267,52000;7,04;6,96;;0, 2,6752E+02,2, 1,3652E+00,5, 1,0000E+03
313,534;267,52000;7,04;6,96;;0, 2,6752E+02,2, 1,3652E+00,5, 1,0000E+03
314,541;267,52000;7,04;6,96;;0, 2,6752E+02,2, 1,3652E+00,5, 1,0000E+03
315,551;267,52000;7,04;6,96;;0, 2,6752E+02,2, 1,3652E+00,5, 1,0000E+03
316,560;267,52000;7,04;6,96;;0, 2,6752E+02,2, 1,3652E+00,5, 1,0000E+03
317,562;267,53000;7,04;6,96;;0, 2,6753E+02,2, 1,3652E+00,5, 1,0000E+03
318,563;267,56000;7,04;6,96;;0, 2,6756E+02,2, 1,3652E+00,5, 1,0000E+03
319,571;267,56000;7,04;6,96;;0, 2,6756E+02,2, 1,3652E+00,5, 1,0000E+03
320,574;267,56000;7,04;6,96;;0, 2,6756E+02,2, 1,3652E+00,5, 1,0000E+03
321,584;267,56000;7,04;6,96;;0, 2,6756E+02,2, 1,3652E+00,5, 1,0000E+03
322,592;267,56000;7,04;6,96;;0, 2,6756E+02,2, 1,3652E+00,5, 1,0000E+03
323,596;267,56000;7,04;6,96;;0, 2,6756E+02,2, 1,3652E+00,5, 1,0000E+03
324,606;267,57000;7,04;6,96;;0, 2,6757E+02,2, 1,3652E+00,5, 1,0000E+03
325,615;267,57000;7,04;6,96;;0, 2,6757E+02,2, 1,3652E+00,5, 1,0000E+03
326,623;267,56000;7,04;6,96;;0, 2,6756E+02,2, 1,3652E+00,5, 1,0000E+03
327,624;267,56000;7,04;6,96;;0, 2,6756E+02,2, 1,3652E+00,5, 1,0000E+03
328,633;267,57000;7,04;6,96;;0, 2,6757E+02,2, 1,3652E+00,5, 1,0000E+03
329,640;267,56000;7,04;6,96;;0, 2,6756E+02,2, 1,3652E+00,5, 1,0000E+03
330,641;267,56000;7,04;6,96;;0, 2,6756E+02,2, 1,3652E+00,5, 1,0000E+03
331,648;267,56000;7,04;6,96;;0, 2,6756E+02,2, 1,3652E+00,5, 1,0000E+03
332,651;267,56000;7,04;6,96;;0, 2,6756E+02,2, 1,3652E+00,5, 1,0000E+03
333,661;267,56000;7,04;6,96;;0, 2,6756E+02,2, 1,3652E+00,5, 1,0000E+03
334,663;267,56000;7,04;6,96;;0, 2,6756E+02,2, 1,3652E+00,5, 1,0000E+03
335,665;267,56000;7,04;6,96;;0, 2,6756E+02,2, 1,3652E+00,5, 1,0000E+03
336,670;267,56000;7,04;6,96;;0, 2,6756E+02,2, 1,3652E+00,5, 1,0000E+03
337,676;267,56000;7,04;6,96;;0, 2,6756E+02,2, 1,3652E+00,5, 1,0000E+03
338,682;267,58000;7,04;6,96;;0, 2,6758E+02,2, 1,3652E+00,5, 1,0000E+03
339,688;267,60000;7,04;6,96;;0, 2,6760E+02,2, 1,3652E+00,5, 1,0000E+03
340,695;267,61000;7,04;6,96;;0, 2,6761E+02,2, 1,3652E+00,5, 1,0000E+03
341,701;267,61000;7,04;6,96;;0, 2,6761E+02,2, 1,3652E+00,5, 1,0000E+03
342,711;267,61000;7,04;6,96;;0, 2,6761E+02,2, 1,3652E+00,5, 1,0000E+03
343,718;267,65000;7,04;6,96;;0, 2,6765E+02,2, 1,3652E+00,5, 1,0000E+03
344,724;267,65000;7,04;6,96;;0, 2,6765E+02,2, 1,3652E+00,5, 1,0000E+03
345,727;267,65000;7,04;6,96;;0, 2,6765E+02,2, 1,3652E+00,5, 1,0000E+03
346,728;267,65000;7,04;6,96;;0, 2,6765E+02,2, 1,3652E+00,5, 1,0000E+03
347,736;267,65000;7,04;6,96;;0, 2,6765E+02,2, 1,3652E+00,5, 1,0000E+03
348,741;267,65000;7,04;6,96;;0, 2,6765E+02,2, 1,3652E+00,5, 1,0000E+03
349,744;267,65000;7,04;6,96;;0, 2,6765E+02,2, 1,3652E+00,5, 1,0000E+03
350,749;267,64000;7,04;6,96;;0, 2,6764E+02,2, 1,3652E+00,5, 1,0000E+03
351,755;267,61000;7,04;6,96;;0, 2,6761E+02,2, 1,3652E+00,5, 1,0000E+03
352,764;267,60000;7,04;6,96;;0, 2,6760E+02,2, 1,3652E+00,5, 1,0000E+03
353,771;267,61000;7,04;6,96;;0, 2,6761E+02,2, 1,3652E+00,5, 1,0000E+03
354,779;267,61000;7,04;6,96;;0, 2,6761E+02,2, 1,3652E+00,5, 1,0000E+03
355,786;267,60000;7,04;6,96;;0, 2,6760E+02,2, 1,3652E+00,5, 1,0000E+03
356,788;267,63000;7,04;6,96;;0, 2,6763E+02,2, 1,3652E+00,5, 1,0000E+03
357,791;267,65000;7,04;6,96;;0, 2,6765E+02,2, 1,3652E+00,5, 1,0000E+03
358,797;267,64000;7,04;6,96;;0, 2,6764E+02,2, 1,3652E+00,5, 1,0000E+03
